,winterweizen,sommerweizen,wintergerste,sommergerste,winterroggen,triticale,hafer,silomais,körnermais,ackerbohnen,erbsen,spätkartoffeln,frühkartoffeln,winterraps,zuckerrüben,runkelrüben
kartoffel,0.0810853397290673,0.0810853397290673,0.0810853397290673,0.0810853397290673,0.0810853397290673,0.0810853397290673,0.0810853397290673,0.003772136142720933,0.0810853397290673,0.0810853397290673,0.0810853397290673,0.0008709823544248534,0.0008709823544248534,0.02146182239962177,0.0810853397290673,0.0810853397290673
mais,0.08967187365145202,0.08967187365145202,0.08967187365145202,0.08967187365145202,0.08967187365145202,0.08967187365145202,0.08967187365145202,0.004171586586630411,0.004171586586630411,0.023734522578054734,0.023734522578054734,0.08967187365145202,0.023734522578054734,0.023734522578054734,0.08967187365145202,0.08967187365145202
gerste,0.14482226511602536,0.14482226511602536,0.0015556158223590513,0.0015556158223590513,0.14482226511602536,0.14482226511602536,0.14482226511602536,0.006737214178792417,0.0015556158223590513,0.03833183339696699,0.03833183339696699,0.0015556158223590513,0.14482226511602536,0.03833183339696699,0.0015556158223590513,0.0015556158223590513
weizen,0.001059741884343378,0.001059741884343378,0.001059741884343378,0.001059741884343378,0.004589634501294295,0.004589634501294295,0.09865817634600378,0.09865817634600378,0.09865817634600378,0.09865817634600378,0.09865817634600378,0.09865817634600378,0.09865817634600378,0.09865817634600378,0.09865817634600378,0.09865817634600378
ackerbohne,0.10406287967531366,0.10406287967531366,0.027543561505042013,0.10406287967531366,0.10406287967531366,0.10406287967531366,0.10406287967531366,0.10406287967531366,0.10406287967531366,0.0011177967836193646,0.0011177967836193646,0.027543561505042013,0.027543561505042013,0.027543561505042013,0.027543561505042013,0.027543561505042013
